{"_timestamp":1.7809137401479516e+09,"train/num_tokens":7.0916938e+07,"_wandb":{"runtime":90587},"train/global_step":21076,"_runtime":90587,"total_flos":4.045089173888416e+18,"train_loss":0.876616408644376,"train/loss":0.8015,"train/learning_rate":5.785974703798047e-11,"train_runtime":90416.0823,"_step":2107,"train/grad_norm":0.4869138300418854,"train_samples_per_second":3.729,"train/epoch":2,"train/mean_token_accuracy":0.8336438037628351,"train_steps_per_second":0.233}